site,quadrat,grass.height1,grass.height2,grass.height3,grass.height4,mean.grass.height
L1,1,7,14,15,11,11.75
L1,2,11,13,11,10,11.25
L1,3,8,14,10,6,9.5
L1,4,8,8,8,9,8.25
L1,5,0,0,7,8,3.75
L1,6,5,8,10,8,7.75
L1,7,7,6,10,11,8.5
L1,8,5,4,3,8,5
L1,9,7,7,6,9,7.25
L1,10,12,10,12,9,10.75
L1,11,13,12,13,8,11.5
L1,12,12,4,9,8,8.25
L1,13,8,16,9,10,10.75
L1,14,11,6,11,10,9.5
L1,15,13,13,21,13,15
L2,1,12,10,14,13,12.25
L2,2,6,11,9,0,6.5
L2,3,20,8,18,15,15.25
L2,4,11,20,14,9,13.5
L2,5,7,10,11,9,9.25
L2,6,7,16,16,20,14.75
L2,7,12,13,10,20,13.75
L2,8,20,21,8,12,15.25
L2,9,5,25,16,18,16
L2,10,14,20,16,15,16.25
L2,11,20,9,26,12,16.75
L2,12,19,10,16,19,16
L2,13,26,9,17,6,14.5
L2,14,14,10,15,18,14.25
L2,15,26,20,20,22,22
L3,1,2,3,3,3,2.75
L3,2,5,4,4,4,4.25
L3,3,7,5,3,5,5
L3,4,6,5,10,5,6.5
L3,5,4,6,6,5,5.25
L3,6,5,5,4,5,4.75
L3,7,3,4,5,3,3.75
L3,8,6,5,5,5,5.25
L3,9,2,3,3,4,3
L3,10,4,4,5,8,5.25
L3,11,3,3,5,8,4.75
L3,12,4,6,9,6,6.25
L3,13,4,2,3,5,3.5
L3,14,4,3,7,8,5.5
L3,15,2,5,5,3,3.75
L4,1,17,19,10,25,17.75
L4,2,17,37,35,22,27.75
L4,3,32,40,10,35,29.25
L4,4,24,25,22,25,24
L4,5,42,44,30,20,34
L4,6,38,32,30,50,37.5
L4,7,40,35,35,30,35
L4,8,28,24,20,30,25.5
L4,9,10,11,15,12,12
L4,10,30,32,35,25,30.5
L4,11,25,36,30,28,29.75
L4,12,30,36,30,28,31
L4,13,38,37,42,22,34.75
L4,14,20,10,10,20,15
L4,15,17,28,20,25,22.5
L5,1,2,3,4,5,3.5
L5,2,4,3,4,4,3.75
L5,3,7,5,4,5,5.25
L5,4,4,4,5,5,4.5
L5,5,2,6,7,4,4.75
L5,6,3,3,4,4,3.5
L5,7,5,5,2,5,4.25
L5,8,4,7,5,3,4.75
L5,9,3,3,3,2,2.75
L5,10,4,6,7,4,5.25
L5,11,5,4,5,5,4.75
L5,12,3,7,6,6,5.5
L5,13,7,4,4,7,5.5
L5,14,6,3,3,3,3.75
L5,15,8,5,5,6,6
L6,1,4,7,7,5,5.75
L6,2,7,5,6,4,5.5
L6,3,6,4,5,8,5.75
L6,4,4,8,8,6,6.5
L6,5,7,7,9,7,7.5
L6,6,5,9,4,6,6
L6,7,9,12,5,7,8.25
L6,8,7,10,7,10,8.5
L6,9,7,10,7,10,8.5
L6,10,5,11,3,4,5.75
L6,11,3,5,6,9,5.75
L6,12,11,10,15,9,11.25
L6,13,10,9,8,9,9
L6,14,7,5,6,5,5.75
L6,15,5,10,4,10,7.25
L7,1,6,6,4,3,4.75
L7,2,7,4,5,7,5.75
L7,3,7,4,5,7,5.75
L7,4,4,4,4,4,4
L7,5,4,4,5,4,4.25
L7,6,4,4,4,4,4
L7,7,1,3,1,1,1.5
L7,8,4,3,2,2,2.75
L7,9,5,4,3,4,4
L7,10,6,4,2,4,4
L7,11,2,3,1,4,2.5
L7,12,2,3,3,4,3
L7,13,3,3,7,5,4.5
L7,14,6,6,3,6,5.25
L7,15,4,4,3,5,4
L8,1,10,9,5,3,6.75
L8,2,5,3,7,8,5.75
L8,3,10,8,6,9,8.25
L8,4,7,4,9,5,6.25
L8,5,4,7,6,11,7
L8,6,10,7,6,9,8
L8,7,5,7,6,8,6.5
L8,8,4,5,4,7,5
L8,9,9,13,7,10,9.75
L8,10,4,5,6,8,5.75
L8,11,8,7,6,8,7.25
L8,12,6,6,8,7,6.75
L8,13,11,11,9,6,9.25
L8,14,10,8,7,7,8
L8,15,7,6,7,8,7
L9,1,10,5,7,10,8
L9,2,6,5,6,9,6.5
L9,3,5,4,3,6,4.5
L9,4,3,9,6,3,5.25
L9,5,9,3,8,7,6.75
L9,6,6,8,10,7,7.75
L9,7,4,4,9,4,5.25
L9,8,7,5,8,10,7.5
L9,9,5,6,5,5,5.25
L9,10,7,10,4,7,7
L9,11,7,9,5,7,7
L9,12,7,7,5,4,5.75
L9,13,7,4,6,11,7
L9,14,5,5,8,9,6.75
L9,15,9,3,4,8,6
L10,1,6,7,6,5,6
L10,2,4,5,4,4,4.25
L10,3,5,5,5,5,5
L10,4,6,5,5,4,5
L10,5,7,6,3,5,5.25
L10,6,5,5,3,5,4.5
L10,7,6,5,8,10,7.25
L10,8,5,5,6,5,5.25
L10,9,5,6,5,6,5.5
L10,10,4,5,4,3,4
L10,11,4,4,5,6,4.75
L10,12,4,9,9,5,6.75
L10,13,5,5,5,8,5.75
L10,14,7,5,6,8,6.5
L10,15,5,7,6,6,6
L11,1,6,6,6,7,6.25
L11,2,3,6,12,6,6.75
L11,3,6,9,10,5,7.5
L11,4,5,10,6,5,6.5
L11,5,5,6,5,5,5.25
L11,6,7,9,10,7,8.25
L11,7,7,5,5,6,5.75
L11,8,5,8,7,6,6.5
L11,9,7,6,5,6,6
L11,10,7,6,5,7,6.25
L11,11,7,8,6,8,7.25
L11,12,10,10,7,7,8.5
L11,13,7,9,8,10,8.5
L11,14,4,3,7,10,6
L11,15,3,7,6,5,5.25
L12,1,6,6,4,5,5.25
L12,2,2,7,9,5,5.75
L12,3,6,3,5,7,5.25
L12,4,7,5,6,6,6
L12,5,3,5,4,7,4.75
L12,6,5,5,7,8,6.25
L12,7,5,8,6,4,5.75
L12,8,7,6,7,7,6.75
L12,9,8,7,7,5,6.75
L12,10,9,4,5,4,5.5
L12,11,6,8,4,9,6.75
L12,12,10,6,6,4,6.5
L12,13,5,5,8,4,5.5
L12,14,6,4,5,3,4.5
L12,15,10,6,8,9,8.25
L13,1,3,1,1,2,1.75
L13,2,2,1,1,1,1.25
L13,3,1,2,2,1,1.5
L13,4,1,2,1,1,1.25
L13,5,1,1,1,2,1.25
L13,6,1,2,3,2,2
L13,7,2,2,2,1,1.75
L13,8,3,4,2,1,2.5
L13,9,2,2,3,1,2
L13,10,2,2,1,2,1.75
L13,11,2,4,3,1,2.5
L13,12,4,3,3,2,3
L13,13,2,2,4,1,2.25
L13,14,2,1,1,2,1.5
L13,15,2,2,2,1,1.75
L14,1,6,8,6,8,7
L14,2,8,8,7,4,6.75
L14,3,10,10,11,10,10.25
L14,4,10,9,12,10,10.25
L14,5,6,9,10,7,8
L14,6,6,16,8,8,9.5
L14,7,10,5,10,6,7.75
L14,8,6,8,20,5,9.75
L14,9,4,6,9,6,6.25
L14,10,8,12,13,13,11.5
L14,11,5,7,8,6,6.5
L14,12,8,5,4,6,5.75
L14,13,7,7,8,8,7.5
L14,14,12,8,12,11,10.75
L14,15,5,7,8,6,6.5
L15,1,5,5,3,3,4
L15,2,8,10,4,8,7.5
L15,3,5,6,6,4,5.25
L15,4,4,6,6,3,4.75
L15,5,4,4,5,5,4.5
L15,6,5,5,5,6,5.25
L15,7,10,7,8,8,8.25
L15,8,9,6,9,7,7.75
L15,9,8,6,10,6,7.5
L15,10,9,3,2,4,4.5
L15,11,6,0,6,3,3.75
L15,12,6,6,6,6,6
L15,13,4,2,3,6,3.75
L15,14,5,6,7,3,5.25
L15,15,8,5,5,7,6.25
L16,1,5,6,6,9,6.5
L16,2,10,4,6,10,7.5
L16,3,8,8,7,8,7.75
L16,4,11,12,5,8,9
L16,5,7,8,6,8,7.25
L16,6,8,7,6,8,7.25
L16,7,6,7,7,8,7
L16,8,7,5,6,9,6.75
L16,9,7,5,6,7,6.25
L16,10,8,4,10,6,7
L16,11,8,11,9,12,10
L16,12,7,7,6,8,7
L16,13,7,12,9,11,9.75
L16,14,6,4,9,8,6.75
L16,15,7,6,6,7,6.5
L17,1,12,10,9,9,10
L17,2,11,11,7,10,9.75
L17,3,8,5,4,4,5.25
L17,4,8,5,7,12,8
L17,5,10,9,12,8,9.75
L17,6,9,12,9,6,9
L17,7,7,12,8,8,8.75
L17,8,7,6,4,4,5.25
L17,9,6,9,6,8,7.25
L17,10,6,7,10,10,8.25
L17,11,6,9,10,5,7.5
L17,12,12,10,10,7,9.75
L17,13,8,5,11,8,8
L17,14,9,10,10,10,9.75
L17,15,16,18,13,9,14
L18,1,6,7,10,7,7.5
L18,2,7,7,6,9,7.25
L18,3,10,8,7,5,7.5
L18,4,7,4,4,10,6.25
L18,5,7,7,7,6,6.75
L18,6,5,6,7,9,6.75
L18,7,8,9,5,7,7.25
L18,8,7,5,5,8,6.25
L18,9,8,7,8,7,7.5
L18,10,2,4,4,5,3.75
L18,11,5,4,5,5,4.75
L18,12,4,8,8,9,7.25
L18,13,10,3,9,12,8.5
L18,14,10,3,4,8,6.25
L18,15,7,4,7,9,6.75
L19,1,30,40,61,71,50.5
L19,2,20,28,57,32,34.25
L19,3,54,61,58,60,58.25
L19,4,80,82,63,60,71.25
L19,5,70,65,57,66,64.5
L19,6,52,48,62,50,53
L19,7,64,60,40,60,56
L19,8,50,57,40,67,53.5
L19,9,28,60,47,50,46.25
L19,10,56,30,35,20,35.25
L19,11,40,56,62,30,47
L19,12,48,55,22,26,37.75
L19,13,17,36,30,31,28.5
L19,14,32,44,31,30,34.25
L19,15,38,35,36,38,36.75
L20,1,9,8,10,12,9.75
L20,2,15,12,15,16,14.5
L20,3,10,12,13,14,12.25
L20,4,11,7,10,3,7.75
L20,5,14,13,10,7,11
L20,6,10,11,9,10,10
L20,7,11,12,13,15,12.75
L20,8,7,10,10,9,9
L20,9,10,8,10,5,8.25
L20,10,10,3,8,5,6.5
L20,11,9,1,10,10,7.5
L20,12,14,20,16,18,17
L20,13,10,19,10,18,14.25
L20,14,10,9,7,11,9.25
L20,15,11,9,7,8,8.75
L21,1,14,5,6,7,8
L21,2,10,5,8,7,7.5
L21,3,10,13,10,5,9.5
L21,4,6,8,8,7,7.25
L21,5,6,7,7,7,6.75
L21,6,6,4,8,14,8
L21,7,10,5,7,10,8
L21,8,7,7,4,6,6
L21,9,7,6,7,14,8.5
L21,10,10,15,10,9,11
L21,11,13,7,10,8,9.5
L21,12,10,6,8,10,8.5
L21,13,5,4,6,8,5.75
L21,14,11,3,5,7,6.5
L21,15,7,8,4,7,6.5
L22,1,11,10,9,15,11.25
L22,2,9,15,17,9,12.5
L22,3,9,13,10,8,10
L22,4,8,12,9,6,8.75
L22,5,7,14,14,13,12
L22,6,10,12,11,7,10
L22,7,8,9,9,10,9
L22,8,8,16,12,11,11.75
L22,9,18,16,11,12,14.25
L22,10,18,15,18,16,16.75
L22,11,19,10,11,17,14.25
L22,12,18,10,14,12,13.5
L22,13,7,13,11,24,13.75
L22,14,10,9,7,9,8.75
L22,15,10,13,8,14,11.25
L23,1,4,6,4,4,4.5
L23,2,3,5,4,4,4
L23,3,3,2,4,3,3
L23,4,3,4,3,4,3.5
L23,5,3,4,4,3,3.5
L23,6,3,5,5,3,4
L23,7,2,3,4,5,3.5
L23,8,5,4,4,5,4.5
L23,9,3,4,4,5,4
L23,10,5,4,4,5,4.5
L23,11,4,3,4,3,3.5
L23,12,5,5,4,3,4.25
L23,13,4,3,3,5,3.75
L23,14,3,3,3,3,3
L23,15,4,3,4,3,3.5
L24,1,5,3,5,4,4.25
L24,2,3,4,5,5,4.25
L24,3,4,9,6,8,6.75
L24,4,5,4,4,6,4.75
L24,5,5,2,3,3,3.25
L24,6,3,4,3,5,3.75
L24,7,8,5,5,10,7
L24,8,5,3,5,4,4.25
L24,9,2,3,4,3,3
L24,10,4,6,4,3,4.25
L24,11,2,3,3,4,3
L24,12,2,4,6,5,4.25
L24,13,3,3,3,5,3.5
L24,14,3,4,3,2,3
L24,15,3,5,5,3,4
L25,1,2,3,3,4,3
L25,2,6,3,12,9,7.5
L25,3,4,3,4,3,3.5
L25,4,6,4,3,7,5
L25,5,3,4,4,5,4
L25,6,3,4,7,5,4.75
L25,7,7,3,4,7,5.25
L25,8,5,4,6,6,5.25
L25,9,11,9,9,9,9.5
L25,10,4,2,4,4,3.5
L25,11,3,2,2,2,2.25
L25,12,5,3,4,5,4.25
L25,13,5,6,6,7,6
L25,14,4,5,5,8,5.5
L25,15,6,6,5,5,5.5
L26,1,4,5,6,9,6
L26,2,5,6,4,2,4.25
L26,3,5,4,6,3,4.5
L26,4,3,4,3,4,3.5
L26,5,5,6,5,4,5
L26,6,4,3,4,5,4
L26,7,6,7,6,4,5.75
L26,8,3,4,6,5,4.5
L26,9,4,4,4,3,3.75
L26,10,4,6,5,6,5.25
L26,11,5,6,5,4,5
L26,12,6,6,6,5,5.75
L26,13,4,5,4,5,4.5
L26,14,5,5,7,6,5.75
L26,15,5,4,5,6,5
L27,1,4,10,7,4,6.25
L27,2,7,8,6,10,7.75
L27,3,7,7,3,10,6.75
L27,4,6,5,4,8,5.75
L27,5,6,8,4,10,7
L27,6,10,9,8,8,8.75
L27,7,7,11,4,6,7
L27,8,11,4,9,12,9
L27,9,5,6,8,13,8
L27,10,6,5,9,4,6
L27,11,7,6,11,10,8.5
L27,12,8,2,12,11,8.25
L27,13,17,6,13,10,11.5
L27,14,18,10,14,14,14
L27,15,8,8,18,12,11.5
L28,1,5,4,6,6,5.25
L28,2,4,4,6,5,4.75
L28,3,5,4,5,7,5.25
L28,4,3,3,5,6,4.25
L28,5,6,2,8,12,7
L28,6,10,9,12,12,10.75
L28,7,4,6,9,9,7
L28,8,5,4,0,4,3.25
L28,9,2,2,5,4,3.25
L28,10,5,4,3,7,4.75
L28,11,6,4,10,12,8
L28,12,7,12,9,12,10
L28,13,13,12,10,15,12.5
L28,14,5,4,10,12,7.75
L28,15,10,9,11,7,9.25
L29,1,5,11,13,19,12
L29,2,5,4,5,9,5.75
L29,3,5,7,4,8,6
L29,4,4,5,7,5,5.25
L29,5,3,4,5,5,4.25
L29,6,9,12,8,4,8.25
L29,7,3,4,4,8,4.75
L29,8,5,7,5,9,6.5
L29,9,9,5,9,5,7
L29,10,6,8,6,5,6.25
L29,11,7,6,6,5,6
L29,12,4,5,4,4,4.25
L29,13,11,11,5,6,8.25
L29,14,6,6,5,5,5.5
L29,15,5,4,5,7,5.25
L30,1,13,6,13,5,9.25
L30,2,10,10,9,7,9
L30,3,7,6,5,7,6.25
L30,4,11,10,10,12,10.75
L30,5,4,5,7,9,6.25
L30,6,11,9,10,13,10.75
L30,7,7,7,9,9,8
L30,8,9,8,10,14,10.25
L30,9,7,9,5,6,6.75
L30,10,6,5,9,10,7.5
L30,11,10,6,5,7,7
L30,12,15,13,9,6,10.75
L30,13,17,9,13,9,12
L30,14,20,7,15,4,11.5
L30,15,7,11,8,9,8.75
L31,1,4,3,5,5,4.25
L31,2,5,4,2,3,3.5
L31,3,5,2,4,2,3.25
L31,4,3,3,5,5,4
L31,5,2,2,1,2,1.75
L31,6,6,5,6,7,6
L31,7,5,9,8,4,6.5
L31,8,6,5,4,4,4.75
L31,9,7,3,5,6,5.25
L31,10,4,5,3,3,3.75
L31,11,4,3,3,5,3.75
L31,12,6,9,7,7,7.25
L31,13,2,2,2,4,2.5
L31,14,4,4,3,5,4
L31,15,10,6,4,7,6.75
L32,1,9,6,10,7,8
L32,2,6,10,13,15,11
L32,3,10,7,5,11,8.25
L32,4,10,5,8,7,7.5
L32,5,7,6,11,12,9
L32,6,13,6,11,12,10.5
L32,7,7,9,10,7,8.25
L32,8,13,8,7,9,9.25
L32,9,6,15,17,12,12.5
L32,10,10,14,15,11,12.5
L32,11,9,6,5,10,7.5
L32,12,17,19,5,9,12.5
L32,13,10,9,10,8,9.25
L32,14,11,12,7,10,10
L32,15,8,11,13,6,9.5
L33,1,30,22,10,12,18.5
L33,2,13,25,32,31,25.25
L33,3,29,30,13,31,25.75
L33,4,54,53,56,39,50.5
L33,5,62,43,9,40,38.5
L33,6,32,42,47,54,43.75
L33,7,26,21,10,5,15.5
L33,8,30,28,35,44,34.25
L33,9,12,0,0,0,3
L33,10,9,0,30,8,11.75
L33,11,27,37,37,51,38
L33,12,13,12,36,29,22.5
L33,13,24,37,20,17,24.5
L33,14,35,11,44,24,28.5
L33,15,6,21,8,4,9.75
L34,1,13,14,10,12,12.25
L34,2,15,10,9,10,11
L34,3,15,15,11,17,14.5
L34,4,5,9,5,8,6.75
L34,5,9,6,8,14,9.25
L34,6,8,7,5,5,6.25
L34,7,3,2,2,3,2.5
L34,8,2,5,2,2,2.75
L34,9,10,13,7,9,9.75
L34,10,11,7,5,7,7.5
L34,11,26,41,34,20,30.25
L34,12,34,33,30,35,33
L34,13,36,27,44,41,37
L34,14,28,30,39,26,30.75
L34,15,23,26,25,20,23.5
L35,1,82,67,103,64,79
L35,2,75,87,86,84,83
L35,3,86,87,95,94,90.5
L35,4,94,100,107,80,95.25
L35,5,95,103,67,96,90.25
L35,6,118,94,110,16,84.5
L35,7,78,87,97,90,88
L35,8,70,61,70,75,69
L35,9,107,97,116,94,103.5
L35,10,72,67,100,84,80.75
L35,11,87,80,96,79,85.5
L35,12,99,90,85,82,89
L35,13,89,80,67,84,80
L35,14,40,43,54,55,48
L35,15,43,44,31,34,38
L36,1,6,10,28,16,15
L36,2,70,81,75,90,79
L36,3,30,67,50,31,44.5
L36,4,20,21,20,30,22.75
L36,5,39,37,62,40,44.5
L36,6,26,35,39,40,35
L36,7,67,75,91,94,81.75
L36,8,101,94,76,95,91.5
L36,9,64,44,74,46,57
L36,10,49,39,45,40,43.25
L36,11,43,44,41,33,40.25
L36,12,59,40,42,35,44
L36,13,46,58,41,44,47.25
L36,14,40,30,36,44,37.5
L36,15,63,61,56,55,58.75
L37,1,35,25,28,26,28.5
L37,2,30,35,22,16,25.75
L37,3,27,20,17,26,22.5
L37,4,18,30,25,23,24
L37,5,24,26,34,26,27.5
L37,6,30,28,24,25,26.75
L37,7,25,22,18,26,22.75
L37,8,33,38,36,59,41.5
L37,9,30,31,28,27,29
L37,10,41,44,28,32,36.25
L37,11,26,20,17,35,24.5
L37,12,25,18,18,20,20.25
L37,13,27,18,18,20,20.75
L37,14,26,18,25,26,23.75
L37,15,27,27,29,23,26.5
L38,1,4,7,10,7,7
L38,2,8,16,4,4,8
L38,3,11,14,13,7,11.25
L38,4,7,14,10,11,10.5
L38,5,4,8,13,7,8
L38,6,15,7,15,10,11.75
L38,7,10,21,17,12,15
L38,8,15,7,15,10,11.75
L38,9,8,12,8,9,9.25
L38,10,7,6,9,9,7.75
L38,11,14,5,5,10,8.5
L38,12,11,8,10,11,10
L38,13,7,8,8,8,7.75
L38,14,10,5,6,10,7.75
L38,15,6,9,10,8,8.25
L39,1,13,8,14,19,13.5
L39,2,78,71,58,62,67.25
L39,3,50,57,71,51,57.25
L39,4,50,75,40,49,53.5
L39,5,60,57,58,58,58.25
L39,6,56,60,49,45,52.5
L39,7,83,85,72,87,81.75
L39,8,17,8,13,19,14.25
L39,9,10,14,10,15,12.25
L39,10,15,18,17,10,15
L39,11,80,75,83,73,77.75
L39,12,76,82,85,77,80
L39,13,107,109,104,79,99.75
L39,14,9,10,5,8,8
L39,15,13,12,14,20,14.75
L40,1,19,22,25,27,23.25
L40,2,25,27,33,38,30.75
L40,3,10,20,25,27,20.5
L40,4,30,20,25,27,25.5
L40,5,30,36,40,41,36.75
L40,6,10,20,21,25,19
L40,7,13,15,20,10,14.5
L40,8,36,37,35,34,35.5
L40,9,30,27,30,35,30.5
L40,10,30,35,40,45,37.5
L40,11,20,30,35,19,26
L40,12,9,20,23,19,17.75
L40,13,8,20,18,17,15.75
L40,14,20,25,23,18,21.5
L40,15,21,28,20,23,23
M1,1,3,4,6,5,4.5
M1,2,5,3,5,7,5
M1,3,6,9,9,12,9
M1,4,6,10,3,5,6
M1,5,4,9,7,8,7
M1,6,6,8,7,8,7.25
M1,7,4,4,9,7,6
M1,8,9,7,8,6,7.5
M1,9,4,8,4,8,6
M1,10,9,7,10,3,7.25
M1,11,5,8,5,6,6
M1,12,5,7,8,10,7.5
M1,13,9,5,8,7,7.25
M1,14,3,6,7,5,5.25
M1,15,6,4,9,4,5.75
M2,1,2,3,2,4,2.75
M2,2,5,3,6,3,4.25
M2,3,4,5,4,6,4.75
M2,4,8,7,7,4,6.5
M2,5,7,4,4,3,4.5
M2,6,5,7,4,2,4.5
M2,7,4,6,9,5,6
M2,8,8,6,7,9,7.5
M2,9,1,4,6,5,4
M2,10,6,5,5,4,5
M2,11,6,3,5,5,4.75
M2,12,7,7,6,5,6.25
M2,13,7,5,5,5,5.5
M2,14,4,7,7,6,6
M2,15,5,4,7,5,5.25
M3,1,9,5,8,7,7.25
M3,2,5,4,6,6,5.25
M3,3,5,4,10,5,6
M3,4,7,7,9,7,7.5
M3,5,4,7,5,5,5.25
M3,6,7,5,9,5,6.5
M3,7,4,6,6,4,5
M3,8,7,7,5,8,6.75
M3,9,4,3,5,5,4.25
M3,10,5,3,5,6,4.75
M3,11,8,3,6,5,5.5
M3,12,5,7,5,4,5.25
M3,13,4,8,5,7,6
M3,14,5,7,5,4,5.25
M3,15,7,7,5,9,7
M4,1,5,3,4,4,4
M4,2,5,3,4,4,4
M4,3,7,5,4,7,5.75
M4,4,3,6,4,5,4.5
M4,5,2,5,3,3,3.25
M4,6,7,3,7,8,6.25
M4,7,3,4,4,4,3.75
M4,8,5,5,4,4,4.5
M4,9,4,4,7,5,5
M4,10,3,5,4,6,4.5
M4,11,4,5,4,3,4
M4,12,5,4,5,2,4
M4,13,4,9,7,9,7.25
M4,14,3,5,4,5,4.25
M4,15,2,3,7,8,5
M5,1,11,5,6,4,6.5
M5,2,3,5,9,5,5.5
M5,3,4,7,5,4,5
M5,4,7,3,8,4,5.5
M5,5,3,6,1,5,3.75
M5,6,1,3,6,5,3.75
M5,7,3,3,3,3,3
M5,8,3,5,3,4,3.75
M5,9,4,2,5,5,4
M5,10,4,3,4,8,4.75
M5,11,4,4,7,5,5
M5,12,6,5,7,6,6
M5,13,5,1,6,8,5
M5,14,7,5,8,6,6.5
M5,15,5,1,6,8,5
M6,1,5,9,9,11,8.5
M6,2,11,6,8,11,9
M6,3,11,5,6,8,7.5
M6,4,6,8,8,12,8.5
M6,5,6,5,6,6,5.75
M6,6,7,5,9,7,7
M6,7,10,9,11,9,9.75
M6,8,10,7,8,9,8.5
M6,9,5,9,5,8,6.75
M6,10,8,6,5,10,7.25
M6,11,9,8,13,10,10
M6,12,14,10,9,9,10.5
M6,13,9,9,5,8,7.75
M6,14,8,7,11,9,8.75
M6,15,9,8,8,14,9.75
M7,1,10,15,18,15,14.5
M7,2,24,20,38,37,29.75
M7,3,28,34,30,19,27.75
M7,4,15,24,26,31,24
M7,5,35,22,20,31,27
M7,6,31,34,23,28,29
M7,7,23,16,20,17,19
M7,8,30,44,42,29,36.25
M7,9,28,34,40,39,35.25
M7,10,29,38,35,26,32
M7,11,18,37,28,25,27
M7,12,35,41,55,50,45.25
M7,13,14,32,17,21,21
M7,14,36,37,97,70,60
M7,15,25,28,23,18,23.5
M8,1,3,2,9,5,4.75
M8,2,9,3,5,7,6
M8,3,3,8,6,4,5.25
M8,4,3,5,4,4,4
M8,5,7,7,3,5,5.5
M8,6,5,6,2,3,4
M8,7,8,2,6,3,4.75
M8,8,4,1,3,2,2.5
M8,9,1,4,1,3,2.25
M8,10,2,2,2,2,2
M8,11,9,8,8,9,8.5
M8,12,7,6,8,4,6.25
M8,13,2,4,4,6,4
M8,14,5,5,5,5,5
M8,15,2,3,1,5,2.75
M9,1,5,3,4,3,3.75
M9,2,5,4,3,2,3.5
M9,3,3,5,5,5,4.5
M9,4,4,5,5,9,5.75
M9,5,5,6,5,5,5.25
M9,6,2,5,4,4,3.75
M9,7,2,2,3,4,2.75
M9,8,2,4,4,3,3.25
M9,9,5,8,3,3,4.75
M9,10,2,2,2,3,2.25
M9,11,8,2,3,2,3.75
M9,12,3,4,4,4,3.75
M9,13,4,1,4,4,3.25
M9,14,4,5,6,5,5
M9,15,7,6,3,3,4.75
M10,1,9,8,6,9,8
M10,2,9,3,3,5,5
M10,3,14,15,13,3,11.25
M10,4,6,11,7,10,8.5
M10,5,17,13,8,15,13.25
M10,6,9,7,7,7,7.5
M10,7,4,6,7,6,5.75
M10,8,8,7,5,7,6.75
M10,9,5,8,12,9,8.5
M10,10,4,8,17,10,9.75
M10,11,4,8,5,3,5
M10,12,4,13,9,7,8.25
M10,13,11,7,7,13,9.5
M10,14,6,7,9,6,7
M10,15,8,6,8,13,8.75
M11,1,5,8,14,7,8.5
M11,2,8,10,7,7,8
M11,3,12,8,15,14,12.25
M11,4,10,6,9,9,8.5
M11,5,6,7,9,8,7.5
M11,6,9,14,8,16,11.75
M11,7,11,13,8,12,11
M11,8,10,9,9,11,9.75
M11,9,9,6,13,7,8.75
M11,10,17,7,15,13,13
M11,11,12,6,9,11,9.5
M11,12,8,3,12,10,8.25
M11,13,12,4,10,10,9
M11,14,8,13,9,7,9.25
M11,15,9,11,10,4,8.5
M12,1,7,12,13,8,10
M12,2,7,12,10,7,9
M12,3,10,11,11,15,11.75
M12,4,11,12,18,14,13.75
M12,5,11,20,13,8,13
M12,6,8,9,10,9,9
M12,7,13,8,8,8,9.25
M12,8,15,17,12,15,14.75
M12,9,18,17,11,12,14.5
M12,10,8,5,13,10,9
M12,11,14,9,7,16,11.5
M12,12,11,13,8,14,11.5
M12,13,15,11,15,6,11.75
M12,14,8,9,10,13,10
M12,15,10,9,12,10,10.25
M13,1,16,11,14,5,11.5
M13,2,10,17,22,13,15.5
M13,3,17,9,19,14,14.75
M13,4,17,16,21,18,18
M13,5,14,11,9,14,12
M13,6,18,15,12,11,14
M13,7,6,14,10,10,10
M13,8,15,16,15,12,14.5
M13,9,18,16,14,20,17
M13,10,18,13,14,11,14
M13,11,14,16,9,8,11.75
M13,12,9,12,12,10,10.75
M13,13,14,13,19,10,14
M13,14,9,7,10,12,9.5
M13,15,9,11,13,8,10.25
M14,1,8,9,6,5,7
M14,2,7,7,4,6,6
M14,3,5,6,5,5,5.25
M14,4,8,5,5,7,6.25
M14,5,4,4,4,3,3.75
M14,6,8,4,4,4,5
M14,7,6,9,4,7,6.5
M14,8,6,6,5,5,5.5
M14,9,10,9,10,10,9.75
M14,10,8,7,7,4,6.5
M14,11,6,6,9,8,7.25
M14,12,9,8,6,7,7.5
M14,13,5,6,5,7,5.75
M14,14,6,6,5,7,6
M14,15,7,6,6,5,6
M15,1,5,8,8,7,7
M15,2,6,7,8,6,6.75
M15,3,6,6,4,4,5
M15,4,5,4,2,4,3.75
M15,5,8,5,7,7,6.75
M15,6,6,4,3,7,5
M15,7,3,4,5,4,4
M15,8,6,7,8,10,7.75
M15,9,7,6,4,7,6
M15,10,8,9,7,6,7.5
M15,11,8,7,7,6,7
M15,12,6,6,8,6,6.5
M15,13,5,4,4,3,4
M15,14,8,7,4,9,7
M15,15,9,5,5,7,6.5
M16,1,9,5,4,5,5.75
M16,2,8,10,9,8,8.75
M16,3,9,9,5,8,7.75
M16,4,14,13,10,16,13.25
M16,5,15,7,4,9,8.75
M16,6,6,7,7,6,6.5
M16,7,6,9,15,11,10.25
M16,8,7,8,6,6,6.75
M16,9,10,6,3,9,7
M16,10,10,9,12,10,10.25
M16,11,7,8,7,10,8
M16,12,11,6,4,6,6.75
M16,13,11,7,10,10,9.5
M16,14,11,9,10,9,9.75
M16,15,9,7,10,6,8
M17,1,4,3,2,3,3
M17,2,6,4,6,4,5
M17,3,11,9,7,6,8.25
M17,4,5,4,8,5,5.5
M17,5,7,6,5,4,5.5
M17,6,4,5,4,5,4.5
M17,7,3,5,7,4,4.75
M17,8,4,3,4,8,4.75
M17,9,3,2,3,5,3.25
M17,10,4,3,4,8,4.75
M17,11,4,4,2,6,4
M17,12,4,6,2,5,4.25
M17,13,4,3,4,5,4
M17,14,5,6,5,5,5.25
M17,15,4,3,7,6,5
M18,1,6,6,3,3,4.5
M18,2,2,5,6,3,4
M18,3,3,3,2,3,2.75
M18,4,2,2,3,2,2.25
M18,5,3,2,4,4,3.25
M18,6,4,4,5,3,4
M18,7,5,4,3,5,4.25
M18,8,4,5,3,4,4
M18,9,3,5,4,3,3.75
M18,10,4,5,3,4,4
M18,11,6,5,5,5,5.25
M18,12,3,6,3,3,3.75
M18,13,5,6,5,6,5.5
M18,14,4,4,7,3,4.5
M18,15,3,4,4,4,3.75
M19,1,3,3,2,3,2.75
M19,2,4,3,2,4,3.25
M19,3,7,3,4,3,4.25
M19,4,4,3,3,3,3.25
M19,5,2,3,2,4,2.75
M19,6,3,3,3,2,2.75
M19,7,3,3,5,4,3.75
M19,8,3,3,3,2,2.75
M19,9,3,5,3,3,3.5
M19,10,3,3,5,4,3.75
M19,11,3,2,3,3,2.75
M19,12,4,3,3,6,4
M19,13,5,3,3,5,4
M19,14,4,5,6,5,5
M19,15,3,2,4,4,3.25
M20,1,7,7,6,9,7.25
M20,2,10,7,7,3,6.75
M20,3,6,5,4,7,5.5
M20,4,8,7,7,5,6.75
M20,5,3,6,5,3,4.25
M20,6,4,4,5,4,4.25
M20,7,14,7,7,9,9.25
M20,8,6,5,6,13,7.5
M20,9,4,6,10,5,6.25
M20,10,6,6,5,4,5.25
M20,11,5,5,2,9,5.25
M20,12,8,5,6,4,5.75
M20,13,6,6,5,5,5.5
M20,14,5,8,9,5,6.75
M20,15,9,7,5,3,6
M21,1,9,7,8,12,9
M21,2,7,10,6,8,7.75
M21,3,5,8,5,5,5.75
M21,4,5,5,5,6,5.25
M21,5,13,8,6,8,8.75
M21,6,6,7,7,7,6.75
M21,7,7,6,8,8,7.25
M21,8,13,8,14,15,12.5
M21,9,3,4,7,5,4.75
M21,10,5,8,8,9,7.5
M21,11,7,7,15,7,9
M21,12,8,8,5,7,7
M21,13,7,13,7,5,8
M21,14,5,4,4,7,5
M21,15,6,6,5,5,5.5
M22,1,10,12,24,21,16.75
M22,2,13,16,12,14,13.75
M22,3,20,25,24,13,20.5
M22,4,18,25,12,21,19
M22,5,31,23,16,12,20.5
M22,6,14,22,16,11,15.75
M22,7,11,14,11,15,12.75
M22,8,15,27,12,21,18.75
M22,9,20,35,32,19,26.5
M22,10,16,9,8,11,11
M22,11,19,15,10,16,15
M22,12,40,20,26,28,28.5
M22,13,30,28,13,17,22
M22,14,18,11,9,14,13
M22,15,41,21,12,20,23.5
M23,1,6,5,6,7,6
M23,2,5,2,7,6,5
M23,3,6,6,7,6,6.25
M23,4,5,5,5,7,5.5
M23,5,9,8,8,8,8.25
M23,6,7,7,9,10,8.25
M23,7,8,11,7,13,9.75
M23,8,6,6,8,6,6.5
M23,9,10,5,9,7,7.75
M23,10,7,10,9,6,8
M23,11,6,5,7,4,5.5
M23,12,5,6,5,5,5.25
M23,13,7,3,10,9,7.25
M23,14,6,5,10,8,7.25
M23,15,7,8,10,6,7.75
M24,1,2,2,2,2,2
M24,2,3,5,5,3,4
M24,3,7,8,6,7,7
M24,4,7,7,4,5,5.75
M24,5,3,5,5,4,4.25
M24,6,5,5,5,4,4.75
M24,7,5,4,3,4,4
M24,8,10,9,8,5,8
M24,9,6,8,5,3,5.5
M24,10,8,3,6,7,6
M24,11,7,6,6,6,6.25
M24,12,3,7,6,3,4.75
M24,13,7,5,2,3,4.25
M24,14,4,8,5,6,5.75
M24,15,4,4,5,4,4.25
M25,1,12,14,6,7,9.75
M25,2,10,7,10,9,9
M25,3,5,9,7,8,7.25
M25,4,6,7,9,5,6.75
M25,5,7,8,5,11,7.75
M25,6,6,5,8,6,6.25
M25,7,6,8,10,7,7.75
M25,8,5,9,3,8,6.25
M25,9,6,2,8,7,5.75
M25,10,8,11,13,11,10.75
M25,11,6,10,9,9,8.5
M25,12,5,5,8,10,7
M25,13,5,5,8,10,7
M25,14,5,11,6,5,6.75
M25,15,8,8,7,8,7.75
M26,1,2,4,3,4,3.25
M26,2,2,5,4,3,3.5
M26,3,3,7,3,3,4
M26,4,4,4,5,7,5
M26,5,5,5,4,5,4.75
M26,6,4,3,3,4,3.5
M26,7,4,1,2,3,2.5
M26,8,2,2,2,1,1.75
M26,9,4,3,4,5,4
M26,10,3,4,3,4,3.5
M26,11,7,4,3,4,4.5
M26,12,3,4,2,2,2.75
M26,13,2,4,3,2,2.75
M26,14,7,4,3,6,5
M26,15,5,3,3,2,3.25
M27,1,4,3,3,4,3.5
M27,2,3,3,4,5,3.75
M27,3,2,2,4,2,2.5
M27,4,3,3,7,5,4.5
M27,5,3,3,4,4,3.5
M27,6,4,3,3,4,3.5
M27,7,3,3,5,3,3.5
M27,8,3,5,2,4,3.5
M27,9,3,3,3,5,3.5
M27,10,4,3,4,4,3.75
M27,11,6,5,3,4,4.5
M27,12,2,3,4,6,3.75
M27,13,5,6,3,5,4.75
M27,14,5,4,3,4,4
M27,15,3,3,3,2,2.75
M28,1,5,5,9,8,6.75
M28,2,6,8,7,8,7.25
M28,3,4,6,6,6,5.5
M28,4,5,8,9,9,7.75
M28,5,5,3,7,3,4.5
M28,6,4,8,5,6,5.75
M28,7,7,8,8,5,7
M28,8,7,8,10,7,8
M28,9,5,6,6,7,6
M28,10,6,8,8,7,7.25
M28,11,9,7,4,7,6.75
M28,12,6,5,7,8,6.5
M28,13,6,7,4,8,6.25
M28,14,4,6,4,3,4.25
M28,15,5,5,3,2,3.75
M29,1,79,39,51,72,60.25
M29,2,66,71,74,73,71
M29,3,54,66,67,51,59.5
M29,4,49,50,63,57,54.75
M29,5,84,56,74,85,74.75
M29,6,46,40,42,25,38.25
M29,7,42,45,31,44,40.5
M29,8,82,89,81,71,80.75
M29,9,25,70,38,74,51.75
M29,10,87,90,88,83,87
M29,11,73,92,75,67,76.75
M29,12,50,59,70,75,63.5
M29,13,58,37,67,30,48
M29,14,70,75,65,50,65
M29,15,80,84,75,72,77.75
M30,1,2,2,4,3,2.75
M30,2,6,5,6,7,6
M30,3,6,6,8,7,6.75
M30,4,5,0,4,3,3
M30,5,5,0,2,0,1.75
M30,6,0,0,0,0,0
M30,7,3,2,5,5,3.75
M30,8,6,5,4,0,3.75
M30,9,4,7,3,5,4.75
M30,10,4,6,4,4,4.5
M30,11,3,5,7,4,4.75
M30,12,5,2,2,4,3.25
M30,13,4,3,1,5,3.25
M30,14,3,3,2,1,2.25
M30,15,5,3,3,5,4
M31,1,32,23,40,35,32.5
M31,2,98,83,91,99,92.75
M31,3,63,66,67,28,56
M31,4,52,23,76,64,53.75
M31,5,60,65,61,63,62.25
M31,6,51,50,71,54,56.5
M31,7,29,30,30,29,29.5
M31,8,23,22,30,12,21.75
M31,9,27,34,31,38,32.5
M31,10,18,34,39,26,29.25
M31,11,37,31,29,42,34.75
M31,12,30,48,28,31,34.25
M31,13,38,50,37,48,43.25
M31,14,72,83,79,38,68
M31,15,56,54,59,67,59
M32,1,8,5,8,10,7.75
M32,2,8,5,8,10,7.75
M32,3,4,9,11,5,7.25
M32,4,6,7,10,10,8.25
M32,5,8,10,7,11,9
M32,6,4,5,8,5,5.5
M32,7,8,10,7,11,9
M32,8,25,8,8,14,13.75
M32,9,6,7,5,12,7.5
M32,10,9,8,13,10,10
M32,11,9,7,12,9,9.25
M32,12,13,17,6,11,11.75
M32,13,9,8,8,7,8
M32,14,6,5,10,7,7
M32,15,3,13,7,4,6.75
M33,1,10,7,9,11,9.25
M33,2,6,7,10,7,7.5
M33,3,6,8,4,8,6.5
M33,4,8,9,6,7,7.5
M33,5,9,5,7,9,7.5
M33,6,10,10,8,7,8.75
M33,7,6,6,6,5,5.75
M33,8,9,7,5,8,7.25
M33,9,7,7,6,5,6.25
M33,10,9,8,9,10,9
M33,11,9,9,7,6,7.75
M33,12,9,9,8,9,8.75
M33,13,8,8,6,9,7.75
M33,14,3,5,4,7,4.75
M33,15,5,7,5,9,6.5
M34,1,5,21,8,4,9.5
M34,2,20,11,13,9,13.25
M34,3,21,12,11,11,13.75
M34,4,11,12,10,6,9.75
M34,5,7,9,23,11,12.5
M34,6,16,7,9,7,9.75
M34,7,14,10,9,13,11.5
M34,8,10,7,7,9,8.25
M34,9,11,10,8,8,9.25
M34,10,14,10,9,12,11.25
M34,11,11,10,6,15,10.5
M34,12,14,12,8,13,11.75
M34,13,12,15,19,15,15.25
M34,14,14,8,9,11,10.5
M34,15,5,6,7,6,6
M35,1,6,8,25,22,15.25
M35,2,16,11,20,15,15.5
M35,3,9,15,13,21,14.5
M35,4,7,28,18,16,17.25
M35,5,12,10,28,17,16.75
M35,6,20,10,9,14,13.25
M35,7,17,25,12,18,18
M35,8,32,19,24,11,21.5
M35,9,11,10,17,11,12.25
M35,10,24,8,11,16,14.75
M35,11,9,10,10,25,13.5
M35,12,13,12,19,20,16
M35,13,12,9,21,13,13.75
M35,14,15,22,13,12,15.5
M35,15,7,7,6,5,6.25
M36,1,6,8,5,6,6.25
M36,2,5,6,5,3,4.75
M36,3,7,9,6,6,7
M36,4,9,10,8,8,8.75
M36,5,6,3,15,9,8.25
M36,6,10,7,9,9,8.75
M36,7,10,7,7,7,7.75
M36,8,6,11,3,3,5.75
M36,9,11,12,10,12,11.25
M36,10,4,3,7,8,5.5
M36,11,4,3,4,3,3.5
M36,12,10,8,7,8,8.25
M36,13,6,5,6,8,6.25
M36,14,3,5,5,10,5.75
M36,15,6,6,10,9,7.75
M37,1,11,8,9,8,9
M37,2,7,8,7,10,8
M37,3,10,13,5,9,9.25
M37,4,8,6,6,10,7.5
M37,5,12,10,11,5,9.5
M37,6,6,6,8,7,6.75
M37,7,14,7,7,10,9.5
M37,8,8,17,13,6,11
M37,9,13,7,13,11,11
M37,10,12,15,12,8,11.75
M37,11,11,5,9,9,8.5
M37,12,11,8,6,8,8.25
M37,13,10,8,10,10,9.5
M37,14,11,12,11,15,12.25
M37,15,13,15,11,5,11
M38,1,5,4,4,5,4.5
M38,2,2,3,3,3,2.75
M38,3,4,4,3,4,3.75
M38,4,3,4,5,5,4.25
M38,5,3,3,4,3,3.25
M38,6,4,4,4,4,4
M38,7,4,4,4,4,4
M38,8,4,3,3,4,3.5
M38,9,3,3,3,4,3.25
M38,10,4,3,3,3,3.25
M38,11,3,4,4,3,3.5
M38,12,5,4,3,5,4.25
M38,13,4,3,4,4,3.75
M38,14,5,4,4,4,4.25
M38,15,4,3,4,3,3.5
M39,1,7,6,4,8,6.25
M39,2,3,13,4,11,7.75
M39,3,6,4,7,8,6.25
M39,4,7,8,9,8,8
M39,5,10,9,14,7,10
M39,6,5,4,8,9,6.5
M39,7,10,11,5,10,9
M39,8,10,7,7,7,7.75
M39,9,10,3,9,11,8.25
M39,10,8,6,7,7,7
M39,11,9,8,5,6,7
M39,12,10,9,3,12,8.5
M39,13,15,11,5,7,9.5
M39,14,15,11,5,7,9.5
M39,15,15,10,9,11,11.25
M40,1,17,16,21,17,17.75
M40,2,50,63,70,51,58.5
M40,3,71,56,42,67,59
M40,4,38,47,53,44,45.5
M40,5,49,39,32,88,52
M40,6,53,70,77,80,70
M40,7,30,45,38,37,37.5
M40,8,27,57,59,30,43.25
M40,9,35,38,44,40,39.25
M40,10,64,59,58,50,57.75
M40,11,50,40,48,32,42.5
M40,12,56,68,71,54,62.25
M40,13,72,49,68,51,60
M40,14,78,89,76,77,80
M40,15,90,81,75,72,79.5
